rango,parola,lemma,inglese,pos,spagnolo,lemma_es,pos_es,match_type,levenshtein
21,si,si,Yes,PRON,sí,sí,INTJ,exact,1.0
24,con,con,with,ADP,con,con,ADP,exact,1.0
40,sì,sì,Yes,ADV,sí,sí,INTJ,exact,1.0
48,solo,solo,Alone,ADV,solo,solo,ADV,exact,1.0
59,quando,quando,when,SCONJ,cuando,cuando,SCONJ,levenshtein,0.8333333333333334
74,va,andare,it goes,VERB,va,ir,VERB,wordnet,0.19999999999999996
103,casa,casa,home,NOUN,hogar,hogar,NOUN,wordnet,0.19999999999999996
107,sempre,sempre,Always,ADV,siempre,siempre,ADV,levenshtein,0.8571428571428572
121,tempo,tempo,time,NOUN,tiempo,tiempo,NOUN,levenshtein,0.8333333333333334
123,certo,certo,Certain,ADV,cierto,cierto,ADJ,levenshtein,0.8333333333333334
140,proprio,proprio,own,ADV,propio,propio,DET,levenshtein,0.8571428571428572
141,parte,parte,part,NOUN,parte,parte,NOUN,exact,1.0
161,meglio,meglio,Better,ADV,mejor,mejor,ADJ,levenshtein,0.8
162,padre,padre,father,NOUN,padre,padre,NOUN,exact,1.0
195,amico,amico,Friend,NOUN,amigo,amigo,NOUN,levenshtein,0.8
204,gente,gente,people,NOUN,gente,gente,NOUN,exact,1.0
206,modo,modo,way,NOUN,forma,forma,NOUN,wordnet,0.19999999999999996
208,momento,momento,moment,NOUN,momento,momento,NOUN,exact,1.0
211,mamma,mamma,mom,NOUN,mamá,mamá,NOUN,wordnet,0.6
214,grande,grande,great,ADJ,excelente,excelente,ADJ,wordnet,0.2222222222222222
216,madre,madre,mother,NOUN,madre,madre,NOUN,exact,1.0
223,nuovo,nuovo,new,ADJ,nuevo,nuevo,ADJ,levenshtein,0.8
233,bella,bello,Pretty,ADJ,bonito,bonito,ADJ,wordnet,0.33333333333333337
237,favore,favore,favor,NOUN,favor,favor,NOUN,levenshtein,0.8333333333333334
242,dentro,dentro,inside,ADV,adentro,adentro,ADV,levenshtein,0.8571428571428572
252,mondo,mondo,world,NOUN,mundo,mundo,NOUN,levenshtein,0.8
262,penso,pensare,I think,VERB,creo,creer,VERB,wordnet,0.0
266,papà,papà,Pope,NOUN,papa,papa,PROPN,exact,1.0
281,buona,buono,Good,ADJ,bien,bien,ADV,wordnet,0.4
301,preso,prendere,taken ,VERB,tomado,tomar,VERB,wordnet,0.1428571428571429
309,caso,caso,case,NOUN,caso,caso,NOUN,exact,1.0
312,venire,venire,come,VERB,venir,venir,VERB,levenshtein,1.0
315,problema,problema,problem,NOUN,problema,problema,NOUN,exact,1.0
327,persone,persona,people,NOUN,gente,gente,NOUN,wordnet,0.1428571428571429
329,terra,terra,Earth,NOUN,tierra,tierra,NOUN,levenshtein,0.8333333333333334
335,mano,mano,hand,NOUN,mano,mano,NOUN,exact,1.0
345,meno,meno,less,ADV,menos,menos,ADV,levenshtein,0.8
351,tesoro,tesoro,treasure,NOUN,tesoro,tesoro,NOUN,exact,1.0
356,nave,nave,ship,NOUN,barco,barco,NOUN,wordnet,0.19999999999999996
369,tardi,tardi,late,ADV,tarde,tarde,ADV,levenshtein,0.8
372,famiglia,famiglia,family,NOUN,familia,familia,NOUN,levenshtein,0.875
387,contro,contro,against,ADP,contra,contra,ADP,levenshtein,0.8333333333333334
397,guerra,guerra,war,NOUN,guerra,guerra,NOUN,exact,1.0
414,marito,marito,Husband,NOUN,marido,marido,NOUN,levenshtein,0.8333333333333334
415,minuti,minuto,minutes,NOUN,minutos,minuto,NOUN,levenshtein,0.8571428571428572
430,importa,importare,it matters,VERB,importa,importar,VERB,levenshtein,0.875
432,punto,punto,point,NOUN,punto,punto,NOUN,exact,1.0
435,possibile,possibile,possible,ADJ,posible,posible,ADJ,levenshtein,0.875
452,importante,importante,important,ADJ,importante,importante,ADJ,exact,1.0
454,amo,amare,I love,VERB,amo,amar,VERB,wordnet,0.5
460,merda,merda,shit,NOUN,mierda,mierda,NOUN,levenshtein,0.8333333333333334
472,vicino,vicino,Neighbor,ADV,vecino,vecino,NOUN,levenshtein,0.8333333333333334
479,sangue,sangue,blood,NOUN,sangre,sangre,NOUN,levenshtein,0.8333333333333334
485,vivere,vivere,live,VERB,vivir,vivir,VERB,levenshtein,0.8
486,colpa,colpa,guilt,NOUN,culpa,culpa,NOUN,levenshtein,0.8
488,entrare,entrare,enter,VERB,ingresar,ingresar,VERB,wordnet,0.5
497,ultima,ultimo,last,ADJ,último,último,ADJ,exact,1.0
505,numero,numero,number,NOUN,número,número,NOUN,exact,1.0
507,mente,menta,mind,VERB,mente,mente,NOUN,levenshtein,0.8
510,fortuna,fortuna,fortune,NOUN,fortuna,fortuna,NOUN,exact,1.0
528,mesi,mese,months,NOUN,meses,mes,NOUN,levenshtein,0.8
534,serio,serio,serious,ADJ,grave,grave,ADJ,wordnet,0.0
555,significa,significare,it means,VERB,significa,significar,VERB,levenshtein,0.7777777777777778
562,cena,cena,dinner,NOUN,cena,cena,NOUN,exact,1.0
572,musica,musica,music,NOUN,música,música,NOUN,exact,1.0
583,libro,libro,book,NOUN,libro,libro,NOUN,exact,1.0
588,campo,campo,field,NOUN,campo,campo,NOUN,exact,1.0
597,cielo,cielo,sky,NOUN,cielo,cielo,NOUN,exact,1.0
599,auto,auto,car,NOUN,auto,auto,NOUN,exact,1.0
604,festa,festa,party,NOUN,fiesta,fiesta,NOUN,levenshtein,0.8333333333333334
609,telefono,telefono,telephone,NOUN,teléfono,teléfono,NOUN,exact,1.0
620,controllo,controllo,check,NOUN,controlar,controlar,VERB,levenshtein,0.7777777777777778
622,unica,unico,unique,ADJ,único,único,ADJ,exact,1.0
629,vivo,vivo,I live,ADJ,vivo,vivo,ADJ,exact,1.0
632,generale,generale,general,ADJ,general,general,ADJ,levenshtein,1.0
639,foto,foto,photo,NOUN,foto,foto,NOUN,exact,1.0
663,pistola,pistola,pistol,NOUN,pistola,pistola,NOUN,exact,1.0
665,dormire,dormire,sleep,VERB,dormir,dormir,VERB,levenshtein,1.0
671,attento,attento,careful,ADJ,cuidadoso,cuidadoso,ADJ,wordnet,0.11111111111111116
677,armi,arma,weapons,NOUN,armas,arma,NOUN,levenshtein,0.8
683,sacco,sacco,sack,NOUN,bolsa,bolsa,NOUN,wordnet,0.0
695,alcuni,alcuno,some,DET,alguno,alguno,PRON,levenshtein,0.8333333333333334
699,situazione,situazione,situation,NOUN,situación,situación,NOUN,levenshtein,0.8888888888888888
702,esattamente,esattamente,Exactly,ADV,exactamente,exactamente,ADV,levenshtein,0.9090909090909091
705,scena,scena,scene,NOUN,escena,escena,NOUN,levenshtein,0.8333333333333334
707,perfetto,perfetto,Perfect,ADJ,perfecto,perfecto,ADJ,levenshtein,0.875
710,alto,alto,high,ADJ,alto,alto,ADJ,exact,1.0
721,capelli,capello,hair,NOUN,cabello,cabello,NOUN,levenshtein,0.8571428571428572
726,fantastico,fantastico,Fantastic,ADJ,fantástico,fantástico,ADJ,exact,1.0
735,motivo,motivo,reason,NOUN,razón,razón,NOUN,wordnet,0.0
749,futuro,futuro,future,NOUN,futuro,futuro,ADJ,exact,1.0
758,tenente,tenente,lieutenant,NOUN,teniente,teniente,NOUN,levenshtein,0.875
759,silenzio,silenzio,silence,NOUN,silencio,silencio,NOUN,levenshtein,0.875
762,odio,odiare,hate,VERB,odiar,odiar,VERB,levenshtein,1.0
766,durante,durante,during,ADP,durante,durante,ADP,exact,1.0
767,segreto,segreto,secret,ADJ,secreto,secreto,NOUN,levenshtein,0.8571428571428572
772,sistema,sistema,system,NOUN,sistema,sistema,NOUN,exact,1.0
774,causa,causa,cause,NOUN,causa,causa,NOUN,exact,1.0
776,comandante,comandante,commander,NOUN,comandante,comandante,NOUN,exact,1.0
783,presidente,presidente,president,NOUN,presidente,presidente,NOUN,exact,1.0
784,bocca,bocca,mouth,NOUN,boca,boca,NOUN,levenshtein,0.8
787,culo,culo,ass,NOUN,culo,culo,NOUN,exact,1.0
792,probabilmente,probabilmente,probably,ADV,probablemente,probablemente,ADV,levenshtein,0.8461538461538461
805,cristo,cristo,Christ,PROPN,cristo,cristo,INTJ,exact,1.0
817,specie,specie,species,NOUN,especies,especie,NOUN,wordnet,0.75
826,cavallo,cavallo,horse,NOUN,caballo,caballo,NOUN,levenshtein,0.8571428571428572
830,cambiare,cambiare,change,VERB,cambiar,cambiar,VERB,levenshtein,1.0
832,usare,usare,use,VERB,usar,usar,VERB,levenshtein,1.0
833,naturalmente,naturalmente,naturally,ADV,naturalmente,naturalmente,ADV,exact,1.0
834,continua,continuare,continues,VERB,continúa,continuar,VERB,levenshtein,0.7777777777777778
847,maria,Maria,Mary,PROPN,maría,maría,PROPN,exact,1.0
850,agente,agente,agent,NOUN,agente,agente,NOUN,exact,1.0
853,servizio,servizio,service,NOUN,servicio,servicio,NOUN,levenshtein,1.0
858,energia,energia,power,NOUN,fuerza,fuerza,NOUN,wordnet,0.4285714285714286
859,incredibile,incredibile,incredible,ADJ,increíble,increíble,ADJ,levenshtein,0.8
860,sala,sala,room,NOUN,habitación,habitación,NOUN,wordnet,0.19999999999999996
868,preoccuparti,preoccuparre,worry,VERB,preocuparse,preocupar él,VERB,levenshtein,0.8333333333333334
870,finalmente,finalmente,finally,ADV,finalmente,finalmente,ADV,exact,1.0
878,programma,programma,plan,NOUN,plan,plan,PROPN,wordnet,0.2222222222222222
890,domande,domanda,requests,NOUN,peticiones,petición,NOUN,wordnet,0.09999999999999998
897,terribile,terribile,terrible,ADJ,horrible,horrible,ADJ,wordnet,0.75
899,oro,oro,gold,NOUN,oro,oro,NOUN,exact,1.0
914,interessante,interessante,Interesting,ADJ,interesante,interesante,ADJ,levenshtein,0.9166666666666666
922,treno,treno,train,NOUN,tren,tren,NOUN,levenshtein,0.8
925,impossibile,impossibile,impossible,ADJ,imposible,imposible,ADJ,levenshtein,0.9
927,vale,valere,it&#39;s worth it,VERB,vale la pena,valer,VERB,wordnet,0.33333333333333337
935,intorno,intorno,environment,ADV,ambiente,ambiente,NOUN,wordnet,0.125
943,calma,calma,calm,NOUN,calma,calma,NOUN,exact,1.0
953,mare,mare,sea,NOUN,mar,mar,NOUN,levenshtein,1.0
954,maestro,maestro,master,NOUN,maestro,maestro,NOUN,exact,1.0
956,pagare,pagare,pay,VERB,pagar,pagar,VERB,levenshtein,1.0
957,pianeta,pianeta,planet,NOUN,planeta,planeta,NOUN,levenshtein,0.8571428571428572
958,fronte,fronte,forehead,NOUN,frente,frente,ADV,levenshtein,0.8333333333333334
964,assolutamente,assolutamente,absolutely,ADV,absolutamente,absolutamente,ADV,levenshtein,0.9230769230769231
976,notizie,notizia,news,NOUN,noticias,noticia,NOUN,wordnet,0.75
978,bastardo,bastardo,Bastard,ADJ,bastardo,bastardo,NOUN,exact,1.0
981,incidente,incidente,accident,NOUN,accidente,accidente,NOUN,levenshtein,0.7777777777777778
986,grado,grado,degree,NOUN,grado,grado,NOUN,exact,1.0
990,contento,contento,happy,ADJ,feliz,feliz,ADJ,wordnet,0.125
993,santo,santo,holy,NOUN,santo,santo,NOUN,exact,1.0
996,speciale,speciale,special,ADJ,especial,especial,ADJ,levenshtein,0.875
998,posizione,posizione,position,NOUN,posición,posición,NOUN,levenshtein,0.875
1003,dolore,dolore,ache,NOUN,dolor,dolor,NOUN,levenshtein,0.8333333333333334
1004,bordo,bordo,edge,NOUN,borde,borde,NOUN,levenshtein,0.8
1012,dolce,dolce,Sweet,ADJ,dulce,dulce,ADJ,levenshtein,0.8
1013,medico,medico,doctor,NOUN,doctor,doctor,NOUN,wordnet,0.16666666666666663
1029,linea,linea,line,NOUN,línea,línea,NOUN,exact,1.0
1030,umano,umano,human,ADJ,humano,humano,ADJ,levenshtein,0.8333333333333334
1043,normale,normale,normal,ADJ,normal,normal,ADJ,levenshtein,1.0
1049,principe,principe,prince,NOUN,príncipe,príncipe,NOUN,exact,1.0
1059,nero,nero,black,ADJ,negro,negro,ADJ,levenshtein,0.8
1060,bianco,bianco,white,ADJ,blanco,blanco,ADJ,levenshtein,0.8333333333333334
1064,completamente,completamente,completely,ADV,completamente,completamente,ADV,exact,1.0
1065,necessario,necessario,necessary,ADJ,necesario,necesario,ADJ,levenshtein,0.9
1067,personale,personale,personal,ADJ,personal,personal,ADJ,levenshtein,1.0
1070,vino,vino,wine,NOUN,vino,venir,VERB,exact,1.0
1074,guardia,guardia,guard,NOUN,guardia,guardia,NOUN,exact,1.0
1075,errore,errore,mistake,NOUN,error,error,NOUN,levenshtein,0.8333333333333334
1083,zona,zona,area,NOUN,área,área,NOUN,wordnet,0.25
1098,duro,duro,hard,ADJ,duro,duro,ADJ,exact,1.0
1102,destino,destino,destiny,NOUN,destino,destino,NOUN,exact,1.0
1104,immagino,immagino,I imagine,VERB,imagino,imaginar,VERB,levenshtein,0.875
1105,centro,centro,center,NOUN,centro,centro,NOUN,exact,1.0
1110,forma,formare,form,VERB,forma,forma,NOUN,levenshtein,0.8333333333333334
1118,passi,passo,steps,NOUN,pasos,paso,NOUN,wordnet,0.6
1119,spazio,spazio,space,NOUN,espacio,espacio,NOUN,levenshtein,0.8571428571428572
1122,luna,luna,moon,NOUN,luna,luna,NOUN,exact,1.0
1127,speranza,speranza,hope,NOUN,esperanza,esperanza,NOUN,levenshtein,0.8888888888888888
1142,informazioni,informazione,information,NOUN,información,información,NOUN,levenshtein,0.9090909090909091
1159,omicidio,omicidio,homocide,NOUN,homocidio,homocidio,NOUN,levenshtein,0.7777777777777778
1164,visita,visita,visit,NOUN,visita,visita,NOUN,exact,1.0
1169,carne,carne,meat,NOUN,carne,carne,NOUN,exact,1.0
1174,tocca,toccare,touch,VERB,tocar,tocar,VERB,levenshtein,0.8333333333333334
1180,esperienza,esperienza,experience,NOUN,experiencia,experiencia,NOUN,levenshtein,0.9090909090909091
1182,differenza,differenza,difference,NOUN,diferencia,diferenciar,VERB,levenshtein,1.0
1188,intenzione,intenzione,intention,NOUN,intención,intención,NOUN,levenshtein,0.7777777777777778
1196,certamente,certamente,Certainly,ADV,ciertamente,ciertamente,ADV,levenshtein,0.9090909090909091
1198,regalo,regalo,gift,NOUN,regalo,regalo,NOUN,exact,1.0
1200,lista,lista,list,NOUN,lista,listo,ADJ,exact,1.0
1201,entro,entro,within,ADP,dentro,dentro,ADV,levenshtein,0.8333333333333334
1209,triste,triste,sad,ADJ,triste,triste,ADJ,exact,1.0
1211,soldati,soldato,soldiers,NOUN,soldados,soldado,NOUN,wordnet,0.75
1222,inferno,inferno,hell,NOUN,infierno,infierno,ADJ,levenshtein,0.875
1234,direttore,direttore,director,NOUN,director,director,NOUN,levenshtein,0.7777777777777778
1247,negozio,negozio,shop,NOUN,comercio,comercio,NOUN,wordnet,0.25
1256,adoro,adorare,I adore,VERB,adoro,adorar,VERB,wordnet,0.6666666666666667
1258,memoria,memoria,memory,NOUN,memoria,memoriar,VERB,exact,1.0
1261,intero,intero,entire,ADJ,completo,completo,ADJ,wordnet,0.25
1263,professore,professore,professor,NOUN,profesor,profesor,NOUN,levenshtein,0.8
1275,appartamento,appartamento,apartment,NOUN,departamento,departamento,NOUN,levenshtein,0.8333333333333334
1278,meraviglioso,meraviglioso,marvelous,ADJ,maravilloso,maravilloso,ADJ,levenshtein,0.8333333333333334
1281,comprare,comprare,buy,VERB,comprar,comprar,VERB,levenshtein,1.0
1285,ballare,ballare,dance,VERB,bailar,bailar,VERB,levenshtein,0.8333333333333334
1295,controllare,controllare,check,VERB,controlar,controlar,VERB,levenshtein,0.9
1296,classe,classe,class,NOUN,clase,clase,NOUN,levenshtein,0.8333333333333334
1306,segnale,segnale,signal,NOUN,señal,señal,NOUN,levenshtein,0.8
1311,reale,reale,real,ADJ,real,real,ADJ,levenshtein,1.0
1313,incontrato,incontrare,encountered,VERB,encontrado,encontrar,VERB,wordnet,0.7
1323,ufficiale,ufficiale,official,ADJ,oficial,oficial,ADJ,levenshtein,0.8571428571428572
1324,borsa,borsa,bag,NOUN,bolsa,bolsa,NOUN,levenshtein,0.8
1334,ovviamente,ovviamente,Obviously,ADV,obviamente,obviamente,ADV,levenshtein,0.9
1338,decisione,decisione,decision,NOUN,decisión,decisión,NOUN,levenshtein,0.875
1348,sicuramente,sicuramente,Surely,ADV,seguramente,seguramente,ADV,levenshtein,0.8181818181818181
1350,bar,bar,Cafe,NOUN,cafetería,cafetería,NOUN,wordnet,0.2222222222222222
1360,animali,animale,animals,ADJ,animales,animal,NOUN,wordnet,0.75
1367,rosa,rosa,rose,ADJ,rosa,rosa,PROPN,exact,1.0
1375,metri,metro,meters,NOUN,metros,metro,NOUN,levenshtein,0.8333333333333334
1383,teatro,teatro,theater,NOUN,teatro,teatro,NOUN,exact,1.0
1386,barca,barca,boat,NOUN,bote,bote,NOUN,wordnet,0.19999999999999996
1392,preferisco,preferire,I prefer,VERB,prefiero,preferir,VERB,wordnet,0.625
1393,vento,vento,wind,NOUN,viento,viento,NOUN,levenshtein,0.8333333333333334
1400,gloria,gloria,glory,NOUN,gloria,gloria,NOUN,exact,1.0
1408,dati,dato,data,VERB,datos,dato,NOUN,levenshtein,0.8
1411,contatto,contatto,contact,NOUN,contacto,contacto,NOUN,levenshtein,0.875
1414,regole,regola,rules,VERB,normas,norma,NOUN,wordnet,0.0
1420,saltare,saltare,jump,VERB,saltar,saltar,VERB,levenshtein,1.0
1424,bellezza,bellezza,beauty,NOUN,belleza,belleza,NOUN,levenshtein,0.875
1440,processo,processo,process,NOUN,proceso,proceso,NOUN,levenshtein,0.875
1444,contrario,contrario,opposite,ADJ,opuesto,opuesto,ADJ,wordnet,0.2222222222222222
1446,presente,presente,present,ADJ,presente,presente,ADJ,exact,1.0
1463,isola,isola,island,NOUN,isla,isla,NOUN,levenshtein,0.8
1484,cambio,cambio,exchange,NOUN,intercambio,intercambio,NOUN,wordnet,0.5454545454545454
1487,pietra,pietra,stone,NOUN,piedra,piedra,NOUN,levenshtein,0.8333333333333334
1499,emergenza,emergenza,emergency,NOUN,emergencia,emergencia,NOUN,levenshtein,1.0
1500,americano,americano,American,ADJ,americano,americano,ADJ,exact,1.0
1519,intelligente,intelligente,intelligent,ADJ,inteligente,inteligente,ADJ,levenshtein,0.9166666666666666
1526,carriera,carriera,career,NOUN,carrera,carrera,NOUN,levenshtein,0.875
1528,grave,grave,serious,ADJ,grave,grave,ADJ,exact,1.0
1534,fortunato,fortunato,lucky,ADJ,afortunado,afortunado,ADJ,levenshtein,0.8
1543,maledizione,maledizione,curse,NOUN,maldición,maldición,NOUN,levenshtein,0.8
1551,semplicemente,semplicemente,simply,ADV,simplemente,simplemente,ADV,levenshtein,0.7692307692307692
1557,innocente,innocente,innocent,ADJ,inocente,inocente,ADJ,levenshtein,0.8888888888888888
1561,costa,costare,it costs,VERB,cuesta,costar,VERB,wordnet,0.5
1563,ricco,ricco,rich,ADJ,rico,rico,ADJ,levenshtein,0.8
1566,immediatamente,immediatamente,immediately,ADV,inmediatamente,inmediatamente,ADV,levenshtein,0.9285714285714286
1576,arte,arte,art,NOUN,arte,arte,NOUN,exact,1.0
1597,relazione,relazione,relation,NOUN,relación,relación,NOUN,levenshtein,0.875
1603,documenti,documento,documents,NOUN,documentos,documento,NOUN,levenshtein,0.9
1608,orribile,orribile,horrible,ADJ,horrible,horrible,ADJ,levenshtein,0.875
1610,muro,muro,wall,NOUN,muro,muro,NOUN,exact,1.0
1612,condizioni,condizione,conditions,NOUN,condiciones,condición,NOUN,levenshtein,0.8181818181818181
1618,santa,santa,holy,PROPN,santo,santo,NOUN,levenshtein,0.8
1619,presenza,presenza,presence,NOUN,presencia,presencia,NOUN,levenshtein,1.0
1629,flotta,flotta,fleet,NOUN,flota,flota,NOUN,levenshtein,0.8333333333333334
1632,sentimenti,sentimento,feelings,NOUN,sentimientos,sentimiento,NOUN,levenshtein,0.8333333333333334
1633,sensazione,sensazione,sensation,NOUN,sensación,sensación,NOUN,levenshtein,0.8888888888888888
1634,corri,corrare,run,VERB,correr,correr,VERB,levenshtein,0.8333333333333334
1635,congratulazioni,congratulazione,Congratulations,NOUN,felicidades,felicidad,NOUN,wordnet,0.0714285714285714
1644,periodo,periodo,period,NOUN,período,período,NOUN,exact,1.0
1656,anello,anello,ring,NOUN,anillo,anillo,NOUN,levenshtein,0.8333333333333334
1661,vincenzo,vincenzo,Vincent,PROPN,vincenzo,vincenzo,NOUN,exact,1.0
1665,enorme,enorme,huge,ADJ,enorme,enorme,ADJ,exact,1.0
1674,gatto,gatto,cat,NOUN,gato,gato,NOUN,levenshtein,0.8
1685,fila,fila,line,NOUN,línea,línea,NOUN,wordnet,0.19999999999999996
1690,droga,droga,drug,NOUN,droga,droga,NOUN,exact,1.0
1694,cliente,cliente,customer,NOUN,cliente,cliente,NOUN,exact,1.0
1696,verde,verde,green,ADJ,verde,verde,ADJ,exact,1.0
1709,scendere,scendere,DESCEND,VERB,descender,descender,VERB,levenshtein,0.7777777777777778
1711,pazienza,pazienza,patience,NOUN,paciencia,paciencia,NOUN,levenshtein,0.8888888888888888
1715,denti,dente,teeth,NOUN,dientes,diente,NOUN,wordnet,0.7142857142857143
1719,volare,volare,fly,VERB,volar,volar,VERB,levenshtein,1.0
1720,militare,militare,military,ADJ,militar,militar,NOUN,levenshtein,1.0
1732,vittoria,vittoria,victory,NOUN,victoria,victoria,NOUN,levenshtein,0.875
1734,lana,lana,wool,NOUN,lana,lana,NOUN,exact,1.0
1735,importanza,importanza,importance,NOUN,importancia,importancia,NOUN,levenshtein,0.8181818181818181
1740,curvatura,curvatura,curvature,NOUN,curvatura,curvatura,NOUN,exact,1.0
1752,finale,finale,the final,ADJ,final,final,ADJ,levenshtein,1.0
1753,camminare,camminare,walk,VERB,caminar,caminar,VERB,levenshtein,0.875
1761,tiro,tiro,shot,NOUN,disparo,disparo,NOUN,wordnet,0.4285714285714286
1763,roma,Roma,Rome,PROPN,roma,roma,PROPN,exact,1.0
1766,notato,notare,noticed,VERB,observó,observar,VERB,wordnet,0.1428571428571429
1769,corte,corto,court,ADJ,corte,corte,NOUN,levenshtein,0.8
1772,responsabile,responsabile,responsible,ADJ,responsable,responsable,NOUN,levenshtein,1.0
1781,girare,girare,spin,VERB,girar,girar,VERB,levenshtein,1.0
1784,bomba,Bomba,bomb,NOUN,bomba,bomba,NOUN,exact,1.0
1790,creare,creare,create,VERB,crear,crear,VERB,levenshtein,1.0
1797,colore,colore,color,NOUN,color,color,NOUN,levenshtein,0.8333333333333334
1799,talento,talento,talent,NOUN,talento,talento,NOUN,exact,1.0
1803,peso,peso,weight,NOUN,peso,peso,NOUN,exact,1.0
1806,evitare,evitare,avoid,VERB,evitar,evitar,VERB,levenshtein,1.0
1810,naturale,naturale,natural,ADJ,natural,natural,ADJ,levenshtein,1.0
1812,famoso,famoso,famous,ADJ,famoso,famoso,ADJ,exact,1.0
1814,cento,cento,hundred,NUM,centenar,centenar,NOUN,wordnet,0.5
1815,cadere,cadere,fall,VERB,caer,caer,VERB,levenshtein,0.8
1829,breve,breve,brief,ADJ,breve,breve,ADJ,exact,1.0
1831,ottenere,ottenere,obtain,VERB,obtener,obtener,VERB,levenshtein,0.8571428571428572
1834,trucco,trucco,trick,NOUN,truco,truco,NOUN,levenshtein,0.8333333333333334
1836,locale,locale,local,ADJ,local,local,ADJ,levenshtein,1.0
1840,opinione,opinione,opinion,NOUN,opinión,opinión,NOUN,levenshtein,0.8571428571428572
1850,canta,cantare,sing,VERB,cantar,cantar,VERB,levenshtein,1.0
1853,interno,interno,internal,ADJ,interno,interno,ADJ,exact,1.0
1855,distanza,distanza,distance,NOUN,distancia,distancia,NOUN,levenshtein,0.7777777777777778
1861,mantenere,mantenere,maintain,VERB,mantener,mantener,VERB,levenshtein,1.0
1864,discorso,discorso,speech,NOUN,discurso,discurso,NOUN,levenshtein,0.875
1865,calmo,calmo,calm,ADJ,calma,calma,NOUN,levenshtein,0.8
1872,salire,salire,go out,VERB,salir,salir,VERB,levenshtein,1.0
1882,perfettamente,perfettamente,perfectly,ADV,perfectamente,perfectamente,ADV,levenshtein,0.9230769230769231
1887,preoccupato,preoccupato,worried,ADJ,preocupado,preocupado,ADJ,levenshtein,0.8181818181818181
1888,mentito,mentire,lied,VERB,mintió,mentir,VERB,wordnet,0.6666666666666667
1895,responsabilità,responsabilità,responsibility,NOUN,responsabilidad,responsabilidad,NOUN,levenshtein,0.8
1897,magnifico,magnifico,magnificent,ADJ,magnífico,magnífico,ADJ,exact,1.0
1902,cadavere,cadavere,dead body,NOUN,cadáver,cadáver,NOUN,levenshtein,0.8571428571428572
1904,operazione,operazione,operation,NOUN,operación,operación,NOUN,levenshtein,0.8888888888888888
1907,tecnologia,tecnologia,technology,NOUN,tecnología,tecnología,NOUN,exact,1.0
1908,porte,porta,doors,VERB,puertas,puerta,NOUN,wordnet,0.5714285714285714
1925,soluzione,soluzione,solution,NOUN,solución,solución,NOUN,levenshtein,0.875
1941,scudi,scudo,shields,NOUN,escudos,escudo,NOUN,wordnet,0.7142857142857143
1943,motore,motore,motor,NOUN,motor,motor,NOUN,levenshtein,0.8333333333333334
1945,genio,genio,genius,NOUN,genio,genio,NOUN,exact,1.0
1946,europa,Europa,Europe,PROPN,europa,europa,PROPN,exact,1.0
1948,creatura,creatura,creature,NOUN,criatura,criatura,PROPN,levenshtein,0.875
1955,potente,potente,powerful,ADJ,poderoso,poderoso,ADJ,wordnet,0.375
1956,particolare,particolare,particular,ADJ,particular,particular,ADJ,levenshtein,0.9
1964,centrale,centrale,central,ADJ,central,central,ADJ,levenshtein,1.0
1979,immaginare,immaginare,imagine,VERB,imaginar,imaginar,VERB,levenshtein,0.8888888888888888
1982,camion,camion,truck,NOUN,camión,camión,NOUN,exact,1.0
1992,nervoso,nervoso,nervous,ADJ,nervioso,nervioso,ADJ,levenshtein,0.875
2001,principale,principale,principal,ADJ,principal,principal,ADJ,levenshtein,1.0
2007,castello,castello,castle,NOUN,castillo,castillo,PROPN,levenshtein,0.875
2015,fabbrica,fabbrica,factory,NOUN,fábrica,fábrica,NOUN,wordnet,0.75
2017,valore,valore,value,NOUN,valor,valor,NOUN,levenshtein,0.8333333333333334
2029,grida,gridare,shout,VERB,gritar,gritar,VERB,levenshtein,0.8333333333333334
2034,laboratorio,laboratorio,laboratory,NOUN,laboratorio,laboratorio,NOUN,exact,1.0
2037,amante,amante,lover,NOUN,amante,amante,NOUN,exact,1.0
2038,vendere,vendere,sell,VERB,vender,vender,VERB,levenshtein,1.0
2048,continuo,continuo,continuous,ADJ,continuo,continuo,ADJ,exact,1.0
2049,tomba,tomba,tomb,NOUN,tumba,tumba,NOUN,levenshtein,0.8
2060,sensori,sensore,sensors,NOUN,sensores,sensor,NOUN,levenshtein,0.875
2061,premio,premio,prize,NOUN,premio,premio,PROPN,exact,1.0
2071,grazia,grazia,grace,NOUN,gracia,gracia,NOUN,levenshtein,0.8333333333333334
2072,esistenza,esistenza,existence,NOUN,existencia,existencia,NOUN,levenshtein,0.9
2080,proteggere,proteggere,to protect,VERB,proteger,proteger,VERB,levenshtein,0.8888888888888888
2082,pilota,pilota,pilot,NOUN,piloto,piloto,NOUN,levenshtein,0.8333333333333334
2083,paziente,paziente,patient,NOUN,paciente,paciente,ADJ,levenshtein,0.875
2087,assistente,assistente,assistant,NOUN,asistente,asistente,NOUN,levenshtein,0.9
2090,francia,Francia,France,PROPN,francia,francia,PROPN,exact,1.0
2092,diario,Diario,diary,NOUN,diario,diario,NOUN,exact,1.0
2109,violenza,violenza,violence,NOUN,violencia,violencia,NOUN,levenshtein,1.0
2119,tempio,tempio,temple,NOUN,templo,templo,NOUN,levenshtein,0.8333333333333334
2129,muovere,muovere,move,VERB,mover,mover,VERB,levenshtein,0.8333333333333334
2137,fianco,fianco,flank,NOUN,flanco,flanco,NOUN,levenshtein,0.8333333333333334
2142,banda,banda,band,NOUN,banda,banda,NOUN,exact,1.0
2145,russo,russo,Russian,ADJ,ruso,ruso,ADJ,levenshtein,0.8
2147,ombra,ombra,shadow,NOUN,sombra,sombra,NOUN,levenshtein,0.8333333333333334
2149,morale,morale,moral,ADJ,moral,moral,ADJ,levenshtein,1.0
2151,coscienza,coscienza,consciousness,NOUN,conciencia,conciencia,NOUN,levenshtein,0.9
2172,medicina,medicina,medicine,NOUN,medicamento,medicamento,NOUN,wordnet,0.5454545454545454
2189,mercato,mercato,market,NOUN,mercado,mercado,NOUN,levenshtein,0.8571428571428572
2195,whisky,Whisky,whiskey,PROPN,whisky,whisky,NOUN,exact,1.0
2198,obiettivo,obiettivo,objective,NOUN,objetivo,objetivo,NOUN,levenshtein,0.7777777777777778
2202,impressione,impressione,impression,NOUN,impresión,impresión,NOUN,levenshtein,0.8
2207,torre,torre,tower,NOUN,torre,torre,NOUN,exact,1.0
2224,fantasma,fantasma,ghost,NOUN,fantasma,fantasma,NOUN,exact,1.0
2230,televisione,televisione,television,NOUN,televisión,televisión,NOUN,levenshtein,0.9
2234,comodo,comodo,comfortable,ADJ,cómodo,cómodo,ADJ,exact,1.0
2235,assurdo,assurdo,absurd,ADJ,absurdo,absurdo,ADJ,levenshtein,0.8571428571428572
2247,profondo,profondo,deep,ADJ,profundo,profundo,ADJ,levenshtein,0.875
2260,universo,universo,universe,NOUN,universo,universo,NOUN,exact,1.0
2261,teoria,teoria,theory,NOUN,teoría,teoría,NOUN,exact,1.0
2263,patria,Patria,homeland,NOUN,patria,patrio,ADJ,exact,1.0
2266,mappa,mappa,map,NOUN,mapa,mapa,NOUN,levenshtein,0.8
2276,preparato,preparare,prepared,VERB,preparado,preparado,ADJ,levenshtein,0.7777777777777778
2298,neve,neve,snow,NOUN,nieve,nieve,NOUN,levenshtein,0.8
2300,istante,istante,instant,NOUN,instante,instante,NOUN,levenshtein,0.875
2312,superiore,superiore,superior,ADJ,superior,superior,ADJ,levenshtein,0.8888888888888888
2316,merito,merito,merit,NOUN,mérito,mérito,NOUN,exact,1.0
2335,funerale,funerale,funeral,ADJ,funeral,funeral,NOUN,levenshtein,1.0
2360,edificio,edificio,building,NOUN,edificio,edificio,NOUN,exact,1.0
2361,delitto,delitto,crime,NOUN,delito,delito,NOUN,levenshtein,0.8571428571428572
2365,aeroporto,aeroporto,airport,NOUN,aeropuerto,aeropuerto,NOUN,levenshtein,0.8
2368,traduzione,traduzione,translation,NOUN,traducción,traducción,NOUN,levenshtein,0.8
2371,magia,magia,magic,NOUN,magia,magia,NOUN,exact,1.0
2377,accesso,accesso,access,NOUN,acceso,acceso,NOUN,levenshtein,0.8571428571428572
2380,ultimamente,ultimamente,lately,ADV,últimamente,últimamente,ADV,exact,1.0
2382,risultato,risultato,result,NOUN,resultado,resultado,NOUN,levenshtein,0.7777777777777778
2383,pista,pista,track,NOUN,pista,pista,NOUN,exact,1.0
2385,costruire,costruire,build,VERB,construir,construir,VERB,levenshtein,0.8888888888888888
2397,tazza,tazza,cup,NOUN,taza,taza,NOUN,levenshtein,0.8
2403,pantaloni,pantalone,trousers,NOUN,pantalones,pantalón,NOUN,levenshtein,0.9
2413,ministro,ministro,minister,NOUN,ministro,ministro,NOUN,exact,1.0
2419,dillo,dillo,say that,VERB,dilo,dilir,VERB,levenshtein,0.8
2433,olmo,olmo,Elm tree,NOUN,olmo,olmo,NOUN,exact,1.0
2445,specialmente,specialmente,especially,ADV,especialmente,especialmente,ADV,levenshtein,0.9230769230769231
2446,preferirei,preferirei,I&#39;d rather,VERB,preferiría,preferir,VERB,levenshtein,0.8
2451,falso,falso,false,ADJ,falso,falso,ADJ,exact,1.0
2459,bestia,bestia,beast,NOUN,bestia,bestia,NOUN,exact,1.0
2461,studiare,studiare,study,VERB,estudiar,estudiar,VERB,levenshtein,0.875
2466,risolvere,risolvere,solve,VERB,resolver,resolver,VERB,levenshtein,0.875
2470,pollo,pollo,chicken,NOUN,pollo,pollo,NOUN,exact,1.0
2472,pagina,pagina,page,NOUN,página,página,NOUN,exact,1.0
2474,movimento,movimento,movement,NOUN,movimiento,movimiento,NOUN,levenshtein,0.9
2475,membri,membro,members,NOUN,miembros,miembro,NOUN,wordnet,0.75
2481,montagna,montagna,mountain,NOUN,montaña,montaña,NOUN,levenshtein,0.8571428571428572
2501,conversazione,conversazione,conversation,NOUN,conversación,conversación,NOUN,levenshtein,0.9166666666666666
2502,autobus,autobus,bus,NOUN,autobús,autobús,NOUN,exact,1.0
2509,gusto,gusto,taste,NOUN,gusto,gusto,NOUN,exact,1.0
2514,soffrire,soffrire,suffer,VERB,sufrir,sufrir,VERB,levenshtein,0.8333333333333334
2515,scale,scala,stairs,NOUN,escaleras,escalera,NOUN,wordnet,0.5555555555555556
2519,promessa,promessa,promise,NOUN,promesa,promesa,NOUN,levenshtein,0.875
2530,totale,totale,total,ADJ,total,total,ADJ,levenshtein,1.0
2534,privato,privato,private,VERB,privado,privado,ADJ,levenshtein,0.8571428571428572
2538,ingresso,ingresso,entrance,NOUN,entrada,entrada,NOUN,wordnet,0.25
2540,franchi,franco,francs,PROPN,francos,francos,NOUN,levenshtein,0.8571428571428572
2546,respirare,respirare,breathe,VERB,respirar,respirar,VERB,levenshtein,1.0
2549,infermeria,infermeria,Infirmary,NOUN,enfermería,enfermería,NOUN,levenshtein,0.8
2566,crudele,crudele,cruel,ADJ,cruel,cruel,ADJ,levenshtein,0.8333333333333334
2583,direttamente,diretto,directly,VERB,directamente,directamente,ADV,wordnet,0.5
2592,fotografia,fotografia,photography,NOUN,fotografía,fotografía,NOUN,exact,1.0
2613,patto,patto,pact,NOUN,pacto,pacto,NOUN,levenshtein,0.8
2624,versione,versione,version,NOUN,versión,versión,NOUN,levenshtein,0.8571428571428572
2658,praticamente,praticamente,practically,ADV,prácticamente,prácticamente,ADV,levenshtein,0.8461538461538461
2662,ali,ala,wings,NOUN,alas,ala,NOUN,wordnet,0.75
2666,prigionieri,prigioniero,prisoners,ADJ,prisioneros,prisionero,NOUN,wordnet,0.7272727272727273
2667,personalmente,personalmente,personally,ADV,personalmente,personalmente,ADV,exact,1.0
2670,ovvio,ovvio,obvious,ADJ,obvio,obvio,ADJ,levenshtein,0.8
2672,minimo,minimo,minimum,ADJ,mínimo,mínimo,ADJ,exact,1.0
2673,impulso,impulso,impulse,NOUN,impulso,impulso,NOUN,exact,1.0
2676,canto,canto,I sing,NOUN,canto,canto,NOUN,exact,1.0
2683,sufficiente,sufficiente,sufficient,ADJ,suficiente,suficiente,ADJ,levenshtein,1.0
2689,panico,panico,panic,NOUN,pánico,pánico,NOUN,exact,1.0
2695,cieco,cieco,blind,ADJ,ciego,ciego,ADJ,levenshtein,0.8
2699,Antonio,Antonio,Anthony,PROPN,antonio,antonio,PROPN,exact,1.0
2703,abbandonato,abbandonare,abandoned,VERB,abandonado,abandonar,VERB,wordnet,0.7
2707,inverno,inverno,winter,NOUN,invierno,invierno,NOUN,levenshtein,0.875
2709,firmare,firmare,sign,VERB,firmar,firmar,VERB,levenshtein,1.0
2724,moda,moda,fashion,NOUN,moda,moda,NOUN,exact,1.0
2725,mistero,mistero,mystery,NOUN,misterio,misterio,NOUN,levenshtein,0.875
2728,eccellente,eccellente,excellent,ADJ,excelente,excelente,ADJ,levenshtein,0.8
2729,chiaramente,chiaramente,clearly,ADV,claramente,claramente,ADV,levenshtein,0.8181818181818181
2736,suicidio,suicidio,suicide,NOUN,suicidio,suicidio,NOUN,exact,1.0
2739,proposta,proposta,proposal,NOUN,propuesta,propuesta,NOUN,levenshtein,0.7777777777777778
2743,fumare,fumare,to smoke,VERB,fumar,fumar,VERB,levenshtein,1.0
2750,telefonato,telefonare,phoned,VERB,llamó por teléfono,llamar,VERB,wordnet,0.2777777777777778
2755,resistere,resistere,resist,VERB,resistir,resistir,VERB,levenshtein,0.875
2756,primavera,primavera,spring,NOUN,primavera,primavera,NOUN,exact,1.0
2763,cammino,cammino,I walk,NOUN,camino,camino,NOUN,levenshtein,0.8571428571428572
2769,miseria,miseria,misery,NOUN,miseria,miseria,NOUN,exact,1.0
2781,ascensore,ascensore,elevator,NOUN,ascensor,ascensor,NOUN,levenshtein,0.8888888888888888
2818,impronte,impronta,fingerprints,NOUN,huellas dactilares,huella,NOUN,wordnet,0.11111111111111116
2819,dirai,dirai,you will say,VERB,dirás,dirar,VERB,wordnet,0.6
2836,legale,legale,legal,ADJ,legal,legal,ADJ,levenshtein,1.0
2838,crisi,crisi,crisis,NOUN,crisis,crisis,NOUN,levenshtein,0.8333333333333334
2847,romantico,romantico,romantic,ADJ,romántico,romántico,ADJ,exact,1.0
2849,onesto,onesto,honest,ADJ,honesto,honesto,ADJ,levenshtein,0.8571428571428572
2866,italiano,italiano,Italian,ADJ,italiano,italiano,ADJ,exact,1.0
2872,superficie,superficie,surface,NOUN,superficie,superficie,NOUN,exact,1.0
2875,esplosione,esplosione,explosion,NOUN,explosión,explosión,NOUN,levenshtein,0.7777777777777778
2879,conseguenze,conseguenza,consequences,NOUN,consecuencias,consecuencia,NOUN,levenshtein,0.8461538461538461
2883,veleno,veleno,poison,NOUN,veneno,veneno,NOUN,levenshtein,0.8333333333333334
2888,regno,regno,kingdom,NOUN,reino,reino,PROPN,levenshtein,0.8
2892,nazione,nazione,nation,NOUN,nación,nación,NOUN,levenshtein,0.8333333333333334
2921,pensione,pensione,pension,NOUN,pensión,pensión,NOUN,levenshtein,0.8571428571428572
2925,danza,danza,dance,NOUN,bailar,bailar,VERB,wordnet,0.33333333333333337
2926,coincidenza,coincidenza,coincidence,NOUN,coincidencia,coincidencia,NOUN,levenshtein,1.0
2936,resistenza,resistenza,resistence,NOUN,resistencia,resistencia,NOUN,levenshtein,1.0
2940,miele,miele,honey,NOUN,miel,miel,NOUN,levenshtein,1.0
2946,concerto,concerto,concert,NOUN,concierto,concierto,NOUN,levenshtein,0.8888888888888888
2948,brillante,brillante,brilliant,ADJ,brillante,brillante,ADJ,exact,1.0
2956,incubo,incubo,nightmare,NOUN,pesadilla,pesadilla,NOUN,wordnet,0.0
2958,firma,firma,signature,NOUN,firma,firma,NOUN,exact,1.0
2963,cella,cella,cell,NOUN,celúla,celúla,NOUN,levenshtein,0.8333333333333334
2964,canale,canale,channel,NOUN,canal,canal,NOUN,levenshtein,1.0
2979,maniera,maniera,manner,NOUN,manera,manera,NOUN,levenshtein,0.8571428571428572
2980,fase,fase,phase,NOUN,fase,fase,NOUN,exact,1.0
2987,artista,artista,artist,NOUN,artista,artista,NOUN,exact,1.0
2988,affetto,affetto,affection,ADJ,afecto,afecto,NOUN,levenshtein,0.8333333333333334
2994,pago,pago,I pay,ADJ,pago,pago,NOUN,exact,1.0
2998,credito,credito,credit,NOUN,crédito,crédito,NOUN,exact,1.0
3009,facilmente,facilmente,easily,ADV,fácilmente,fácilmente,ADV,exact,1.0
3011,episodio,episodio,episode,NOUN,episodio,episodio,NOUN,exact,1.0
3012,deserto,deserto,desert,ADJ,desierto,desierto,NOUN,levenshtein,0.875
3016,urgente,urgente,urgent,ADJ,urgente,urgente,ADJ,exact,1.0
3023,negativo,negativo,negative,ADJ,negativo,negativo,ADJ,exact,1.0
3032,straordinario,straordinario,extraordinary,ADJ,extraordinario,extraordinario,ADJ,levenshtein,0.8571428571428572
3036,rivoluzione,rivoluzione,Revolution,NOUN,revolución,revolución,NOUN,levenshtein,0.8
3038,papa,Papa,Pope,PROPN,papa,papa,PROPN,exact,1.0
3040,modello,modello,model,NOUN,modelo,modelo,NOUN,levenshtein,0.8571428571428572
3052,geloso,geloso,jealous,ADJ,celoso,celoso,ADJ,levenshtein,0.8333333333333334
3063,frase,frase,phrase,NOUN,frase,frase,NOUN,exact,1.0
3067,esperto,esperto,expert,NOUN,experto,experto,NOUN,levenshtein,0.8571428571428572
3071,criminale,criminale,criminal,ADJ,delincuente,delincuente,NOUN,wordnet,0.18181818181818177
3072,ambiente,ambiente,environment,NOUN,ambiente,ambiente,NOUN,exact,1.0
3075,tette,tetta,boobs,NOUN,tetas,teta,NOUN,wordnet,0.6
3080,protezione,protezione,protection,NOUN,proteccion,proteccion,PROPN,levenshtein,0.8
3081,onda,onda,wave,NOUN,ola,ola,NOUN,wordnet,0.5
3083,nazionale,nazionale,national,ADJ,nacional,nacional,ADJ,levenshtein,1.0
3087,lago,lago,lake,NOUN,lago,lago,NOUN,exact,1.0
3093,barba,barba,beard,NOUN,barba,barba,NOUN,exact,1.0
3095,ambulanza,ambulanza,ambulance,NOUN,ambulancia,ambulancia,NOUN,levenshtein,0.8
3109,civile,civile,civil,ADJ,civil,civil,ADJ,levenshtein,0.8333333333333334
3117,sí,sí,Yes,VERB,sí,sí,INTJ,exact,1.0
3120,pura,puro,pure,ADJ,puro,puro,ADJ,exact,1.0
3122,originale,originale,original,ADJ,original,original,ADJ,levenshtein,1.0
3134,accompagno,accompagno,I accompany,NOUN,acompaño,acompañar,VERB,levenshtein,0.7777777777777778
3138,traffico,traffico,traffic,NOUN,tráfico,tráfico,NOUN,levenshtein,0.8571428571428572
3147,divorzio,divorzio,divorce,NOUN,divorcio,divorcio,NOUN,levenshtein,0.875
3150,copia,copia,copy,NOUN,copiar,copiar,VERB,levenshtein,0.8333333333333334
3155,agenzia,agenzia,agency,NOUN,agencia,agencia,NOUN,levenshtein,0.8571428571428572
3161,nobile,nobile,noble,ADJ,noble,noble,ADJ,levenshtein,1.0
3166,interessato,interessato,interested,ADJ,interesado,interesado,ADJ,levenshtein,0.8181818181818181
3167,gratis,gratis,free,ADV,gratis,gratis,PROPN,exact,1.0
3169,dispositivo,dispositivo,device,NOUN,dispositivo,dispositivo,NOUN,exact,1.0
3174,atmosfera,atmosfera,atmosphere,NOUN,atmósfera,atmósfero,ADJ,exact,1.0
3188,inventato,inventare,invented,VERB,inventado,inventado,ADJ,levenshtein,0.7777777777777778
3189,ideale,ideale,ideal,ADJ,ideal,ideal,ADJ,levenshtein,1.0
3192,esterno,esterno,external,ADJ,externo,externo,ADJ,levenshtein,0.8571428571428572
3193,difendere,difendere,stick up for,VERB,defender,defender,VERB,levenshtein,0.875
3210,offesa,offesa,offense,NOUN,ofensa,ofensa,NOUN,levenshtein,0.8333333333333334
3242,occupo,occupo,I occupy,VERB,ocupo,ocupar,VERB,levenshtein,0.8333333333333334
3249,eccellenza,eccellenza,excellence,NOUN,excelencia,excelencia,NOUN,levenshtein,0.8181818181818181
3259,sincero,sincero,sincere,ADJ,sincero,sincero,ADJ,exact,1.0
3261,rifugio,rifugio,refuge,NOUN,refugio,refugio,NOUN,levenshtein,0.8571428571428572
3275,familiare,familiare,familiar,ADJ,familiar,familiar,ADJ,levenshtein,1.0
3281,corona,corona,crown,NOUN,corona,corona,NOUN,exact,1.0
3287,tema,tema,theme,NOUN,tema,tema,NOUN,exact,1.0
3296,comportamento,comportamento,behavior,NOUN,comportamiento,comportamiento,NOUN,levenshtein,0.9285714285714286
3305,struttura,struttura,structure,NOUN,estructura,estructura,NOUN,levenshtein,0.8
3308,salutare,salutare,greet,VERB,saludar,saludar,VERB,levenshtein,0.8571428571428572
3310,recente,recente,recent,ADJ,reciente,reciente,ADJ,levenshtein,0.875
3313,limite,limite,limit,NOUN,límite,límite,NOUN,exact,1.0
3314,italia,Italia,Italy,PROPN,italia,italia,PROPN,exact,1.0
3315,fresco,fresco,fresh,ADJ,fresco,fresco,ADJ,exact,1.0
3324,armata,armato,armed,VERB,armado,armado,ADJ,levenshtein,0.8333333333333334
3327,visione,visione,vision,NOUN,visión,visión,NOUN,levenshtein,0.8333333333333334
3332,saluto,saluto,greeting,NOUN,saludo,saludo,NOUN,levenshtein,0.8333333333333334
3333,rinunciare,rinunciare,renounce,VERB,renuncia,renunciar,VERB,levenshtein,0.7777777777777778
3340,logica,logica,logic,NOUN,lógica,lógica,NOUN,exact,1.0
3344,divertiti,divertire,have fun,VERB,divertirse,divertir él,VERB,levenshtein,0.8
3345,disposizione,disposizione,disposition,NOUN,disposición,disposición,NOUN,levenshtein,0.9090909090909091
3359,decisamente,decisamente,decidedly,ADV,decididamente,decididamente,ADV,levenshtein,0.7692307692307692
3367,scienza,scienza,science,NOUN,ciencia,ciencia,NOUN,levenshtein,0.875
3369,precedenti,precedente,precedents,ADJ,precedentes,precedente,NOUN,levenshtein,0.9090909090909091
3389,sequenza,sequenza,sequence,NOUN,secuencia,secuencia,NOUN,levenshtein,0.8888888888888888
3394,oscuro,oscuro,dark,ADJ,oscuro,oscuro,ADJ,exact,1.0
3401,cortesia,cortesia,courtesy,NOUN,cortesía,cortesía,NOUN,exact,1.0
3405,accento,accento,accent,NOUN,acento,acento,NOUN,levenshtein,0.8571428571428572
3416,istinto,istinto,instinct,NOUN,instinto,instinto,NOUN,levenshtein,0.875
3420,curioso,curioso,curious,ADJ,curioso,curioso,ADJ,exact,1.0
3429,produzione,produzione,production,NOUN,producción,producción,NOUN,levenshtein,0.8
3430,oceano,oceano,Ocean,NOUN,océano,océano,NOUN,exact,1.0
3442,disco,disco,disk,NOUN,disco,disco,NOUN,exact,1.0
3443,considerato,considerare,considered,VERB,consideró,considerar,VERB,levenshtein,0.8
3450,stupenda,stupendo,stupendous,VERB,estupendo,estupendo,ADJ,levenshtein,0.8888888888888888
3455,proprietario,proprietario,owner,NOUN,dueño,dueño,NOUN,wordnet,0.16666666666666663
3456,preciso,preciso,accurate,ADJ,preciso,preciso,ADJ,exact,1.0
3460,negri,negre,blacks,ADJ,negros,negro,NOUN,wordnet,0.6666666666666667
3468,comunicazione,comunicazione,communication,NOUN,comunicación,comunicación,NOUN,levenshtein,0.9166666666666666
3480,mortale,mortale,mortal,ADJ,mortal,mortal,ADJ,levenshtein,1.0
3483,gesto,gesto,gesture,NOUN,gesto,gesto,NOUN,exact,1.0
3485,diamanti,diamante,diamonds,NOUN,diamantes,diamante,NOUN,levenshtein,0.8888888888888888
3492,territorio,territorio,territory,NOUN,territorio,territorio,NOUN,exact,1.0
3493,temperatura,temperatura,temperature,NOUN,temperatura,temperatura,NOUN,exact,1.0
3496,sociale,sociale,social,ADJ,social,social,ADJ,levenshtein,1.0
3500,recitare,recitare,recite,VERB,recitar,recitar,VERB,levenshtein,1.0
3512,cerimonia,cerimonia,ceremony,NOUN,ceremonia,ceremonia,NOUN,levenshtein,0.8888888888888888
3520,tono,tono,tone,NOUN,tono,tono,NOUN,exact,1.0
3522,sentirti,sentirre,feel you,ADJ,sentirte,sentir tú,VERB,levenshtein,0.875
3534,cretino,cretino,cretin,NOUN,cretino,cretino,ADJ,exact,1.0
3541,uniforme,uniformo,uniform,PRON,uniforme,uniforme,ADJ,levenshtein,0.875
3555,idioti,idioto,idiots,ADJ,idiotas,idiota,NOUN,wordnet,0.7142857142857143
3556,furto,furto,theft,NOUN,robo,robo,NOUN,wordnet,0.19999999999999996
3570,probabile,probabile,likely,ADJ,probable,probable,ADJ,levenshtein,1.0
3587,fantasia,fantasia,fantasy,NOUN,fantasía,fantasía,NOUN,exact,1.0
3592,circo,circo,circus,NOUN,circo,circo,PROPN,exact,1.0
3602,sacrificio,sacrificio,sacrifice,NOUN,sacrificio,sacrificio,NOUN,exact,1.0
3609,museo,museo,museum,NOUN,museo,museo,NOUN,exact,1.0
3618,attivare,attivare,activate,VERB,activar,activar,VERB,levenshtein,0.8571428571428572
3635,materiale,materiale,material,NOUN,material,material,NOUN,levenshtein,1.0
3645,calore,calore,heat,NOUN,calor,calor,NOUN,levenshtein,0.8333333333333334
3648,bibbia,Bibbia,Bible,PROPN,biblia,biblia,NOUN,wordnet,0.6666666666666667
3649,amata,amato,loved,VERB,amado,amado,ADJ,levenshtein,0.8
3650,vestita,vestito,dressed,VERB,vestido,vestido,ADJ,levenshtein,0.8571428571428572
3653,tragedia,tragedia,tragedy,NOUN,tragedia,tragedia,NOUN,exact,1.0
3656,quinto,quinto,fifth,ADJ,quinto,quinto,ADJ,exact,1.0
3659,liceo,liceo,Lyceum,NOUN,liceo,liceo,NOUN,exact,1.0
3663,falla,falla,fail,NOUN,fallar,fallar,VERB,levenshtein,0.8333333333333334
3665,discussione,discussione,discussion,NOUN,discusión,discusión,NOUN,levenshtein,0.8
3667,costo,costo,cost,NOUN,costo,costo,NOUN,exact,1.0
3669,complicato,complicato,complicated,ADJ,complicado,complicado,ADJ,levenshtein,0.9
3671,colonia,colonia,colony,NOUN,colonia,colonia,NOUN,exact,1.0
3676,volante,volante,steering wheel,NOUN,volante,volante,NOUN,exact,1.0
3682,reputazione,reputazione,reputation,NOUN,reputación,reputación,NOUN,levenshtein,0.9
3687,intelligenza,intelligenza,intelligence,NOUN,inteligencia,inteligencia,NOUN,levenshtein,0.9230769230769231
3701,replicatori,replicatore,replicators,NOUN,replicadores,replicador,NOUN,levenshtein,0.8333333333333334
3713,eccitante,eccitante,exciting,ADJ,emocionante,emocionante,ADJ,wordnet,0.6363636363636364
3722,aula,aula,classroom,NOUN,aula,aula,NOUN,exact,1.0
3733,segretaria,segretaria,secretary,NOUN,secretario,secretario,NOUN,levenshtein,0.8
3751,confusione,confusione,confusion,NOUN,confusión,confusión,NOUN,levenshtein,0.8888888888888888
3757,varie,vario,various,ADJ,varios,varios,PRON,levenshtein,0.8333333333333334
3758,valle,Valle,Valley,PROPN,valle,valle,PROPN,exact,1.0
3768,pastore,pastore,shepherd,NOUN,pastor,pastor,NOUN,levenshtein,0.8571428571428572
3771,menti,mente,minds,NOUN,mentes,mente,NOUN,levenshtein,0.8333333333333334
3776,fatica,fatica,fatigue,NOUN,fatiga,fatiga,NOUN,levenshtein,0.8333333333333334
3779,convincere,convincere,convince,VERB,convencer,convencer,VERB,levenshtein,0.8888888888888888
3781,complesso,complesso,complex,ADJ,complejo,complejo,ADJ,levenshtein,0.7777777777777778
3802,eterno,eterno,eternal,ADJ,eterno,eterno,ADJ,exact,1.0
3805,ciel,ciel,heaven,VERB,cielo,cielo,NOUN,levenshtein,0.8
3821,farô,farô,lighthouse,NOUN,faro,faro,NOUN,exact,1.0
3822,elegante,elegante,elegant,ADJ,elegante,elegante,ADJ,exact,1.0
3823,dipartimento,dipartimento,department,NOUN,departamento,departamento,NOUN,levenshtein,0.8333333333333334
3824,cultura,cultura,culture,NOUN,cultura,cultura,NOUN,exact,1.0
3828,campana,campana,bell,NOUN,campana,campana,NOUN,exact,1.0
3830,andai,andai,I went,VERB,fui,ir,AUX,wordnet,0.19999999999999996
3835,totalmente,totalmente,totally,ADV,totalmente,totalmente,ADV,exact,1.0
3847,poeta,poeta,poet,NOUN,poeta,poeta,NOUN,exact,1.0
3856,immaginazione,immaginazione,imagination,NOUN,imaginación,imaginación,NOUN,levenshtein,0.8333333333333334
3858,frutta,frutta,fruit,NOUN,fruta,fruta,NOUN,levenshtein,0.8333333333333334
3871,serpente,serpente,snake,NOUN,serpiente,serpiente,NOUN,levenshtein,0.8888888888888888
3878,principio,principio,principle,NOUN,principio,principio,NOUN,exact,1.0
3884,mentale,mentale,mental,ADJ,mental,mental,ADJ,levenshtein,1.0
3890,colleghi,collega,colleagues,NOUN,colegas,colega,NOUN,wordnet,0.7142857142857143
3910,pesca,pesca,fishing,NOUN,pesca,pesca,NOUN,exact,1.0
3920,demonio,demonio,demon,NOUN,demonio,demonio,NOUN,exact,1.0
3924,balena,balena,whale,NOUN,ballena,ballena,NOUN,levenshtein,0.8571428571428572
3931,simbolo,simbolo,symbol,NOUN,símbolo,símbolo,NOUN,exact,1.0
3937,profondamente,profondamente,deeply,ADV,profundamente,profundamente,ADV,levenshtein,0.9230769230769231
3940,ministero,ministero,ministry,NOUN,ministerio,ministerio,NOUN,levenshtein,0.9
3945,eventi,evento,events,NOUN,eventos,evento,NOUN,levenshtein,0.8571428571428572
3952,cabina,cabina,cabin,NOUN,cabina,cabina,NOUN,exact,1.0
3960,terribilmente,terribilmente,terribly,ADV,terriblemente,terriblemente,ADV,levenshtein,0.8461538461538461
3963,riparare,riparare,repair,VERB,reparar,reparar,VERB,levenshtein,0.8571428571428572
3966,rapidamente,rapidamente,quickly,ADV,rápidamente,rápidamente,ADV,exact,1.0
3970,monte,monte,Mountain,NOUN,montaña,montaña,NOUN,wordnet,0.5714285714285714
4020,tubo,tubo,tube,NOUN,tubo,tubo,NOUN,exact,1.0
4021,trasporto,trasporto,transport,NOUN,transporte,transporte,NOUN,levenshtein,0.8
4023,terrore,terrore,terror,NOUN,terror,terror,NOUN,levenshtein,0.8571428571428572
4024,sesto,sesto,sixth,ADJ,sexto,sexto,ADJ,levenshtein,0.8
4027,piscina,piscina,pool,NOUN,piscina,piscina,NOUN,exact,1.0
4031,licenza,licenza,license,NOUN,licencia,licencia,NOUN,levenshtein,1.0
4036,faro,faro,lighthouse,NOUN,faro,faro,NOUN,exact,1.0
4038,elettrica,elettrico,electric,ADJ,eléctrico,eléctrico,ADJ,levenshtein,0.7777777777777778
4051,abitanti,abitante,inhabitants,NOUN,habitantes,habitante,NOUN,levenshtein,0.8
4055,ritmo,ritmo,rhythm,NOUN,ritmo,ritmo,NOUN,exact,1.0
4063,informato,informare,informed,VERB,informado,informado,ADJ,levenshtein,0.7777777777777778
4066,esecuzione,esecuzione,execution,NOUN,ejecución,ejecución,NOUN,levenshtein,0.7777777777777778
4067,elementi,elemento,elements,NOUN,elementos,elemento,NOUN,levenshtein,0.8888888888888888
4071,catena,catena,chain,NOUN,cadena,cadena,NOUN,levenshtein,0.8333333333333334
4077,visitare,visitare,visit,VERB,visita,visita,NOUN,levenshtein,0.8571428571428572
4083,secco,secco,dry,NOUN,seco,seco,ADJ,levenshtein,0.8
4085,riserva,riservare,reserve,VERB,reservar,reservar,VERB,levenshtein,0.875
4092,guerriero,guerriero,warrior,NOUN,guerrero,guerrero,NOUN,levenshtein,0.8888888888888888
4093,grano,grano,grain,NOUN,grano,grano,NOUN,exact,1.0
4099,biblioteca,biblioteca,library,NOUN,biblioteca,biblioteca,NOUN,exact,1.0
4100,banco,banco,bench,NOUN,banco,banco,NOUN,exact,1.0
4105,strumenti,strumento,instruments,NOUN,instrumentos,instrumento,NOUN,wordnet,0.75
4112,produttore,produttore,producer,NOUN,productor,productor,NOUN,levenshtein,0.8
4121,mar,mar,Tue,AUX,mar,mar,NOUN,exact,1.0
4122,liberare,liberare,to free,VERB,liberar,liberar,VERB,levenshtein,1.0
4125,infanzia,infanzia,childhood,NOUN,infancia,infancia,NOUN,levenshtein,0.875
4130,eliminare,eliminare,eliminate,VERB,eliminar,eliminar,VERB,levenshtein,1.0
4135,commedia,commedia,comedy,NOUN,comedia,comedia,NOUN,levenshtein,0.875
4139,bandiera,bandiera,flag,NOUN,bandera,bandera,NOUN,levenshtein,0.875
4143,vitale,vitale,vital,ADJ,vital,vital,ADJ,levenshtein,1.0
4146,tecnica,tecnico,technique,ADJ,técnica,técnico,ADJ,wordnet,0.7142857142857143
4154,prezioso,prezioso,precious,ADJ,precioso,precioso,ADJ,levenshtein,0.875
4172,Celeste,Celeste,Heavenly,PROPN,celestial,celestial,ADJ,wordnet,0.5555555555555556
4175,bombe,bomba,bombs,NOUN,bombas,bomba,NOUN,levenshtein,0.8333333333333334
4176,avventura,avventura,adventure,NOUN,aventura,aventura,NOUN,levenshtein,1.0
4177,assistenza,assistenza,assistance,NOUN,asistencia,asistencia,NOUN,levenshtein,0.9090909090909091
4178,annuncio,annuncio,announcement,NOUN,anuncio,anuncio,NOUN,levenshtein,0.875
4196,positivo,positivo,positive,ADJ,positivo,positivo,ADJ,exact,1.0
4211,federazione,federazione,federation,NOUN,federación,federación,NOUN,levenshtein,0.9
4218,apertura,apertura,opening,NOUN,apertura,apertura,NOUN,exact,1.0
4221,telegramma,telegramma,telegram,NOUN,telegrama,telegrama,NOUN,levenshtein,0.9
4249,violento,violento,violent,ADJ,violento,violento,ADJ,exact,1.0
4250,veterinario,veterinario,veterinarian,NOUN,veterinario,veterinario,ADJ,exact,1.0
4254,sordo,sordo,deaf,ADJ,sordo,sordo,ADJ,exact,1.0
4270,educazione,educazione,education,NOUN,educación,educación,NOUN,levenshtein,0.8888888888888888
4273,copertura,copertura,coverage,NOUN,cobertura,cobertura,NOUN,levenshtein,0.8888888888888888
4278,tradizione,tradizione,tradition,NOUN,tradición,tradición,NOUN,levenshtein,0.8888888888888888
4290,novembre,novembre,November,NOUN,noviembre,noviembre,NOUN,levenshtein,0.8888888888888888
4293,fisico,fisico,physicist,ADJ,físico,físico,ADJ,exact,1.0
4296,disponibile,disponibile,available,ADJ,disponible,disponible,ADJ,levenshtein,1.0
4297,comunista,comunista,Communist,ADJ,comunista,comunista,ADJ,exact,1.0
4298,comunicare,comunicare,to communicate,VERB,comunicar,comunicar,VERB,levenshtein,1.0
4313,sindacato,sindacato,trade union,NOUN,sindicato,sindicato,NOUN,levenshtein,0.8888888888888888
4315,ritirare,ritirare,withdraw,VERB,retirar,retirar,VERB,levenshtein,0.8571428571428572
4325,invisibile,invisibile,Invisible,ADJ,invisible,invisible,ADJ,levenshtein,1.0
4332,estremamente,estremamente,extremely,ADV,extremadamente,extremadamente,ADV,levenshtein,0.7857142857142857
4338,caos,caos,chaos,NOUN,caos,cao,NOUN,exact,1.0
4342,autorizzazione,autorizzazione,authorization,NOUN,autorización,autorización,NOUN,levenshtein,0.8461538461538461
4345,vomitare,vomitare,vomit,VERB,vomitar,vomitar,VERB,levenshtein,1.0
4347,tasse,tassa,taxes,NOUN,impuestos,impuesto,NOUN,wordnet,0.11111111111111116
4349,sfortunatamente,sfortunatamente,unfortunately,ADV,desafortunadamente,desafortunadamente,ADV,levenshtein,0.7777777777777778
4354,religione,religione,religion,NOUN,religión,religión,NOUN,levenshtein,0.875
4357,progressi,progresso,progress,NOUN,progreso,progreso,NOUN,levenshtein,0.8888888888888888
4359,peste,pesta,plague,VERB,plaga,plaga,NOUN,wordnet,0.4
4367,evidente,evidente,obvious,ADJ,obvio,obvio,ADJ,wordnet,0.125
4387,recuperare,recuperare,recover,VERB,recuperar,recuperar,VERB,levenshtein,1.0
4388,procedere,procedere,proceed,VERB,proceder,proceder,VERB,levenshtein,1.0
4390,partecipare,partecipare,participate,VERB,participar,participar,VERB,levenshtein,0.9
4395,insetti,insetto,insects,NOUN,insectos,insecto,NOUN,wordnet,0.75
4396,influenza,influenza,influence,NOUN,influencia,influencia,NOUN,levenshtein,1.0
4398,generoso,generoso,generous,ADJ,generoso,generoso,ADJ,exact,1.0
4400,forme,forma,shapes,NOUN,formas,forma,NOUN,levenshtein,0.8333333333333334
4408,clinica,clinica,clinic,NOUN,clínica,clínico,ADJ,exact,1.0
4410,cantante,cantante,singer,NOUN,cantante,cantante,NOUN,exact,1.0
4412,asilo,asilo,asylum,NOUN,asilo,asilo,NOUN,exact,1.0
4415,toro,toro,bull,NOUN,toro,toro,NOUN,exact,1.0
4418,sensibile,sensibile,sensitive,ADJ,sensible,sensible,ADJ,levenshtein,1.0
4428,pacifico,pacifico,Pacific,ADJ,pacífico,pacífico,ADJ,exact,1.0
4436,impero,impero,empire,NOUN,imperio,imperio,ADJ,levenshtein,0.8571428571428572
4444,disgrazia,disgrazia,misfortune,NOUN,desgracia,desgracia,NOUN,levenshtein,0.7777777777777778
4448,conferenza,conferenza,conference,NOUN,conferencia,conferencia,PROPN,levenshtein,1.0
4457,usate,usato,used,VERB,usado,usado,ADJ,levenshtein,0.8
4458,tipico,tipico,typical,ADJ,típico,típico,ADJ,exact,1.0
4478,interrompere,interrompere,to interrupt,VERB,interrumpir,interrumpir,VERB,levenshtein,0.8181818181818181
4488,concetto,concetto,concept,NOUN,concepto,concepto,NOUN,levenshtein,0.875
4489,certezza,certezza,certainty,NOUN,certeza,certeza,NOUN,levenshtein,0.875
4502,scambio,scambio,exchange,NOUN,intercambio,intercambio,NOUN,wordnet,0.5454545454545454
4511,orbita,orbita,orbit,NOUN,orbita,orbitar,VERB,exact,1.0
4521,esagerato,esagerato,exaggerated,ADJ,exagerado,exagerado,ADJ,levenshtein,0.7777777777777778
4535,pensai,pensai,I thought,VERB,pensé,pensar,VERB,wordnet,0.6666666666666667
4551,esperimenti,esperimento,experiments,NOUN,experimentos,experimento,NOUN,levenshtein,0.8333333333333334
4554,cancellare,cancellare,cancel,VERB,cancelar,cancelar,VERB,levenshtein,0.8888888888888888
4557,adulti,adulto,adults,NOUN,adultos,adulto,NOUN,levenshtein,0.8571428571428572
4569,popolare,popolare,popular,ADJ,popular,popular,ADJ,levenshtein,0.8571428571428572
4572,organizzazione,organizzazione,organization,NOUN,organización,organización,NOUN,levenshtein,0.8461538461538461
4573,nucleo,nucleo,nucleus,NOUN,núcleo,núcleo,NOUN,exact,1.0
4575,magico,magico,magical,ADJ,mágico,mágico,ADJ,exact,1.0
4578,istituto,istituto,institute,NOUN,instituto,instituto,NOUN,levenshtein,0.8888888888888888
4586,crema,crema,cream,NOUN,crema,crema,NOUN,exact,1.0
4604,trattamento,trattamento,treatment,NOUN,tratamiento,tratamiento,NOUN,levenshtein,0.8181818181818181
4615,munizioni,munizione,ammunition,NOUN,munición,munición,NOUN,levenshtein,0.875
4623,graal,graal,grail,NOUN,grial,grial,NOUN,levenshtein,0.8
4625,francamente,francamente,frankly,ADV,francamente,francamente,ADV,exact,1.0
4633,campionato,campionato,championship,NOUN,campeonato,campeonato,NOUN,levenshtein,0.9
4639,trenta,trenta,thirty,NUM,treinta,treinta,NUM,levenshtein,0.8571428571428572
4649,pino,pino,Pine tree,NOUN,pino,pino,NOUN,exact,1.0
4654,matematica,matematica,mathematics,NOUN,matemáticas,matemático,ADJ,levenshtein,0.8181818181818181
4667,federale,federale,federal,ADJ,federal,federal,ADJ,levenshtein,1.0
4671,deposito,deposito,deposit,NOUN,depósito,depósito,NOUN,exact,1.0
4674,congresso,congresso,congress,NOUN,congreso,congreso,PROPN,levenshtein,0.8888888888888888
4677,capitale,capitale,capital,NOUN,capital,capital,NOUN,levenshtein,1.0
4680,autore,autore,author,NOUN,autor,autor,NOUN,levenshtein,0.8333333333333334
4684,armadio,armadio,Wardrobe,ADJ,armario,armario,NOUN,levenshtein,0.8571428571428572
4685,appetito,appetito,appetite,NOUN,apetito,apetito,NOUN,levenshtein,0.875
4686,ansia,ansia,anxiety,NOUN,ansiedad,ansiedad,NOUN,wordnet,0.625
4700,metodo,metodo,method,NOUN,método,método,NOUN,exact,1.0
4701,mandati,mandato,mandates,NOUN,mandatos,mandato,NOUN,levenshtein,0.875
4705,impatto,impatto,impact,NOUN,impacto,impacto,NOUN,levenshtein,0.8571428571428572
4710,din,din,dyn,ADP,din,din,PROPN,exact,1.0
4733,particolarmente,particolarmente,particularly,ADV,particularmente,particularmente,ADV,levenshtein,0.9333333333333333
4736,norma,norma,norm,NOUN,norma,norma,NOUN,exact,1.0
4746,inevitabile,inevitabile,unavoidable,ADJ,inevitable,inevitable,ADJ,levenshtein,1.0
4748,impedire,impedire,impede,VERB,impedir,impedir,VERB,levenshtein,1.0
4749,grecia,Grecia,Greece,PROPN,grecia,grecia,PROPN,exact,1.0
4765,bicicletta,Bicicletta,bicycle,PROPN,bicicleta,bicicleta,PROPN,levenshtein,0.8
4766,aumentare,aumentare,increase,VERB,aumentar,aumentar,VERB,levenshtein,1.0
4770,volontario,volontario,volunteer,NOUN,voluntario,voluntario,ADJ,levenshtein,0.9
4780,salsa,salsa,sauce,NOUN,salsa,salsa,NOUN,exact,1.0
4788,musicale,musicale,musical,ADJ,musical,musical,ADJ,levenshtein,1.0
4798,creazione,creazione,creation,NOUN,creación,creación,NOUN,levenshtein,0.875
4800,comandi,comandio,commands,VERB,comandos,comando,NOUN,wordnet,0.75
4813,alternativa,alternativo,alternative,ADJ,alternativa,alternativa,NOUN,levenshtein,0.9090909090909091
4822,stadio,stadio,stadium,NOUN,estadio,estadio,NOUN,levenshtein,0.8571428571428572
4832,precisamente,precisamente,precisely,ADV,precisamente,precisamente,ADV,exact,1.0
4838,indizi,indizio,clues,NOUN,pistas,pista,NOUN,wordnet,0.0
4841,dramma,dramma,drama,NOUN,drama,drama,NOUN,levenshtein,0.8333333333333334
4842,continuamente,continuamente,continuously,ADV,continuamente,continuamente,ADV,exact,1.0
4843,compassione,compassione,compassion,NOUN,compasión,compasión,NOUN,levenshtein,0.8
4853,adorabile,adorabile,adorable,ADJ,adorable,adorable,ADJ,levenshtein,1.0
4861,scandalo,scandalo,scandal,NOUN,escándalo,escándalo,NOUN,levenshtein,0.7777777777777778
4866,psichiatra,psichiatra,psychiatrist,NOUN,psiquiatra,psiquiatra,NOUN,levenshtein,0.8
4867,professione,professione,profession,NOUN,profesión,profesión,NOUN,levenshtein,0.8
4875,matilde,Matilde,matilda,PROPN,matilde,matilde,PROPN,exact,1.0
4879,internazionale,internazionale,international,ADJ,internacional,internacional,ADJ,levenshtein,1.0
4886,fotografo,fotografo,I photograph,NOUN,fotografío,fotografiar,VERB,levenshtein,0.9
4891,divina,divino,divine,PRON,divino,divino,ADJ,exact,1.0
4895,collina,collina,hill,NOUN,colina,colina,NOUN,levenshtein,0.8571428571428572
4898,candela,candela,candle,NOUN,vela,vela,NOUN,wordnet,0.4285714285714286
4905,accademia,accademia,academy,NOUN,academia,academia,PROPN,levenshtein,0.8888888888888888
4907,tigre,tigre,tiger,NOUN,tigre,tigre,NOUN,exact,1.0
4918,registrato,registrare,registered,VERB,registrado,registrado,ADJ,levenshtein,0.8
4925,poesie,poesia,poems,NOUN,poemas,poema,NOUN,wordnet,0.5
4926,perdonare,perdonare,forgive,VERB,perdonar,perdonar,VERB,levenshtein,1.0
4928,onestamente,onestamente,honestly,ADV,honestamente,honestamente,ADV,levenshtein,0.9166666666666666
4937,generazioni,generazione,generations,NOUN,generaciones,generación,NOUN,levenshtein,0.8333333333333334
4942,equilibrio,equilibrio,equilibrium,NOUN,equilibrio,equilibrio,NOUN,exact,1.0
4958,vampiro,vampiro,vampire,PROPN,vampiro,vampiro,NOUN,exact,1.0
4979,modulo,modulo,module,NOUN,módulo,módulo,NOUN,exact,1.0
4981,materia,materia,matter,NOUN,asunto,asunto,NOUN,wordnet,0.1428571428571429
4985,giuramento,giuramento,oath,NOUN,juramento,juramento,NOUN,levenshtein,0.8
4989,fenomeno,fenomeno,phenomenon,NOUN,fenómeno,fenómeno,NOUN,exact,1.0
4991,entusiasmo,entusiasmo,enthusiasm,NOUN,entusiasmo,entusiasmo,NOUN,exact,1.0
4997,comprensione,comprensione,comprehension,NOUN,comprensión,comprensión,NOUN,levenshtein,0.9090909090909091
